CREATE DATABASE  IF NOT EXISTS wt/*!40100 DEFAULT CHARACTER SET utf8mb4 COLLATE utf8mb4_0900_ai_ci */ /*!80016 DEFAULT ENCRYPTION='N' */;
USE wt;
-- MySQL dump 10.13  Distrib 8.0.17, for Win64 (x86_64)
--
-- Host: localhost    Database: wt
-- ------------------------------------------------------
-- Server version	8.0.17

/*!40101 SET @OLD_CHARACTER_SET_CLIENT=@@CHARACTER_SET_CLIENT */;
/*!40101 SET @OLD_CHARACTER_SET_RESULTS=@@CHARACTER_SET_RESULTS */;
/*!40101 SET @OLD_COLLATION_CONNECTION=@@COLLATION_CONNECTION */;
/*!50503 SET NAMES utf8 */;
/*!40103 SET @OLD_TIME_ZONE=@@TIME_ZONE */;
/*!40103 SET TIME_ZONE='+00:00' */;
/*!40014 SET @OLD_UNIQUE_CHECKS=@@UNIQUE_CHECKS, UNIQUE_CHECKS=0 */;
/*!40014 SET @OLD_FOREIGN_KEY_CHECKS=@@FOREIGN_KEY_CHECKS, FOREIGN_KEY_CHECKS=0 */;
/*!40101 SET @OLD_SQL_MODE=@@SQL_MODE, SQL_MODE='NO_AUTO_VALUE_ON_ZERO' */;
/*!40111 SET @OLD_SQL_NOTES=@@SQL_NOTES, SQL_NOTES=0 */;

--
-- Table structure for table 'board'
--

DROP TABLE IF EXISTS board;
/*!40101 SET @saved_cs_client     = @@character_set_client */;
/*!50503 SET character_set_client = utf8mb4 */;
CREATE TABLE board
(
  bdno int(11) NOT NULL AUTO_INCREMENT COMMENT '게시물 번호',
  id varchar(30) NOT NULL COMMENT '아이디',
  title varchar(200) NOT NULL COMMENT '제목',
  contents text NOT NULL COMMENT '내용',
  wdate datetime NOT NULL DEFAULT CURRENT_TIMESTAMP COMMENT '최초 작성일',
  mdate datetime DEFAULT NULL COMMENT '수정일',
  type varchar(2) NOT NULL COMMENT '분류 - hs : HTML STUDY, hq : HTML Q&A, cs : CSS STUDY, cq : CSS Q&A, js : JAVASCRIPT STUDY, hq : JAVASCRIPT Q&A',
  hit int(11) NOT NULL DEFAULT '0' COMMENT '조회수',
  bdlike int(11) NOT NULL DEFAULT '0' COMMENT '추천수',
  PRIMARY KEY (bdno),
  KEY id(id),
  CONSTRAINT board_ibfk_1 FOREIGN KEY (id) REFERENCES user(id)
) ENGINE=InnoDB AUTO_INCREMENT=287 DEFAULT CHARSET=utf8mb4 COLLATE=utf8mb4_0900_ai_ci COMMENT='게시물 정보';
/*!40101 SET character_set_client = @saved_cs_client */;

--
-- Dumping data for table 'board'
--

LOCK TABLES board WRITE;
/*!40000 ALTER TABLE 'board'DISABLE KEYS */;
INSERT INTO board VALUES (44,'dlsdnr','황인욱이 작업하는 파일','황인욱이 작업하는 파일입니다~~','2020-07-14 15:10:04',NULL,'cq',0,0),(58,'dlsdnr','title test input.','contents test input.','2020-07-14 17:49:09',NULL,'cq',0,0),(59,'dlsdnr','title test input.','contents test input.','2020-07-14 17:55:50',NULL,'cq',0,0),(60,'dlsdnr','title test input.','contents test input.','2020-07-14 17:56:25',NULL,'cq',1,0),(62,'dlsdnr','title test input.asdfasdf','contents test input.fasdfasdfasdf','2020-07-14 17:59:33',NULL,'cs',0,0),(63,'dlsdnr','title test input.asdfasdf','contents test input.fasdfasdfasdf','2020-07-14 17:59:55',NULL,'cs',0,0),(64,'dlsdnr','title test input.asdfasdf','contents test input.fasdfasdfasdf','2020-07-14 18:00:13',NULL,'cs',0,0),(65,'dlsdnr','안녕하세요????','안녕하세요????\r\n안녕하세요????\r\n안녕하세요????안녕하세요????','2020-07-14 18:09:47',NULL,'cs',1,0),(66,'dlsdnr','title test input.[1]','contents test input.','2020-07-14 18:10:11',NULL,'cs',2,0),(67,'dlsdnr','title test input.<font color=#ff6600>123</font>','contents test input.','2020-07-14 18:11:21',NULL,'cs',0,0),(68,'dlsdnr','ㅂㅈㄷㅂㅈㄷ','ㅂㅈㄷㅂㅈㄷ','2020-07-15 15:14:35',NULL,'cs',1,0),(69,'dlsdnr','ㄴㅇㄹㄴㅇㄹ','ㄴㅇㄹㄴㅇㄹ','2020-07-15 15:16:16',NULL,'js',0,0),(70,'dlsdnr','ㅈㄷㄱ','ㅈㄷㄱㅈㄷㄱㅈㄷㄱㅈㄷㄱ','2020-07-15 15:18:16',NULL,'js',0,0),(71,'dlsdnr','ㅈㄷㄱㅈㄷㄱㅈㄷㄱ','ㅈㄷㄱㅈㄷㄱㅈㄷㄱㅈㄷㄱ','2020-07-15 15:19:21',NULL,'js',0,0),(73,'dlsdnr','ㅂㅈㄷㅂㅈㄷㅂㅈㄷ','ㅂㅈㄷㅂㅈㄷㅂㅈㄷ','2020-07-15 15:45:34',NULL,'hq',62,13),(74,'dlsdnr','ㅂㅈㄷㅂㄷㅂㅈㄷㅂㅈ','ㅂㅈㄷㅂㅈㄷㅈㅂㄷㅂㅈㄷ','2020-07-15 15:46:03',NULL,'jq',3,0),(75,'dlsdnr','ㅂㅈㄷㅂㅈㅈㅂㄷ','ㅂㅈㄷㅂㅈㄷㅂㅈㄷ','2020-07-15 15:46:19',NULL,'hs',1,0),(77,'dlsdnr',';;;;;;;;;;;;;;;;;;;;;;;;;;','3333333333333','2020-07-15 15:51:56',NULL,'js',0,0),(78,'dlsdnr','333333333333333','33333333333333','2020-07-15 15:53:32',NULL,'jq',0,0),(79,'user4','123123123123','123123123123','2020-07-15 16:09:29',NULL,'cs',0,0),(81,'dlsdnr','rrrrrrrrrrrrrrrrrrrrrrrrrrrr','rrrrrrrrrrrrrrrrrrrrrrrr','2020-07-15 17:32:13',NULL,'js',6,0),(82,'dlsdnr','66666666666','66666666666','2020-07-15 17:40:43',NULL,'hs',0,0),(83,'dlsdnr','234234234234','234234234234244','2020-07-15 17:42:18',NULL,'cs',1,0),(84,'dlsdnr','44444444444444','444444444444444','2020-07-15 17:42:54',NULL,'js',0,0),(85,'dlsdnr','444444444444444444444444444','44444444444444444444','2020-07-15 17:43:16',NULL,'hs',4,0),(86,'dlsdnr','666666','66666','2020-07-15 17:55:54','2020-07-17 15:15:19','js',0,0),(97,'inhwan','저를 괴롭힌 예전 군대 선임 폰을 자바스크립트로 해킹할 수 있을까요?','신상 털 생각은 없구요\r\n\r\n그냥 소소하게(?) 핸드폰 벽돌로 만들어주고 싶어요 \r\n\r\n가능할까요?','2020-07-17 14:41:39','2020-07-22 09:37:05','jq',16,1),(112,'dlsdnr','HTML은 Hyper Text Markup Language 약어로 HyperText(웹 페이지에서 다른 페이지로 이동할 수 있도록 하는 것) 기능을 가진 문서를 만드는 언어입니다. 다시 말해, 구조를 설계할 때 사용되는 언어로 hyper link 시스템을 가지고 있으며, 흔히 말하는 웹 페이지를 위한 마크업 언어라고 할 수 있습니다.','HTML은 Hyper Text Markup Language 약어로 HyperText(웹 페이지에서 다른 페이지로 이동할 수 있도록 하는 것) 기능을 가진 문서를 만드는 언어입니다.\r\n다시 말해, 구조를 설계할 때 사용되는 언어로 hyper link 시스템을 가지고 있으며, 흔히 말하는 웹 페이지를 위한 마크업 언어라고 할 수 있습니다.HTML은 Hyper Text Markup Language 약어로 HyperText(웹 페이지에서 다른 페이지로 이동할 수 있도록 하는 것) 기능을 가진 문서를 만드는 언어입니다.\r\n다시 말해, 구조를 설계할 때 사용되는 언어로 hyper link 시스템을 가지고 있으며, 흔히 말하는 웹 페이지를 위한 마크업 언어라고 할 수 있습니다.HTML은 Hyper Text Markup Language 약어로 HyperText(웹 페이지에서 다른 페이지로 이동할 수 있도록 하는 것) 기능을 가진 문서를 만드는 언어입니다.\r\n다시 말해, 구조를 설계할 때 사용되는 언어로 hyper link 시스템을 가지고 있으며, 흔히 말하는 웹 페이지를 위한 마크업 언어라고 할 수 있습니다.HTML은 Hyper Text Markup Language 약어로 HyperText(웹 페이지에서 다른 페이지로 이동할 수 있도록 하는 것) 기능을 가진 문서를 만드는 언어입니다.\r\n다시 말해, 구조를 설계할 때 사용되는 언어로 hyper link 시스템을 가지고 있으며, 흔히 말하는 웹 페이지를 위한 마크업 언어라고 할 수 있습니다.HTML은 Hyper Text Markup Language 약어로 HyperText(웹 페이지에서 다른 페이지로 이동할 수 있도록 하는 것) 기능을 가진 문서를 만드는 언어입니다.\r\n다시 말해, 구조를 설계할 때 사용되는 언어로 hyper link 시스템을 가지고 있으며, 흔히 말하는 웹 페이지를 위한 마크업 언어라고 할 수 있습니다.HTML은 Hyper Text Markup Language 약어로 HyperText(웹 페이지에서 다른 페이지로 이동할 수 있도록 하는 것) 기능을 가진 문서를 만드는 언어입니다.\r\n다시 말해, 구조를 설계할 때 사용되는 언어로 hyper link 시스템을 가지고 있으며, 흔히 말하는 웹 페이지를 위한 마크업 언어라고 할 수 있습니다.HTML은 Hyper Text Markup Language 약어로 HyperText(웹 페이지에서 다른 페이지로 이동할 수 있도록 하는 것) 기능을 가진 문서를 만드는 언어입니다.\r\n다시 말해, 구조를 설계할 때 사용되는 언어로 hyper link 시스템을 가지고 있으며, 흔히 말하는 웹 페이지를 위한 마크업 언어라고 할 수 있습니다.HTML은 Hyper Text Markup Language 약어로 HyperText(웹 페이지에서 다른 페이지로 이동할 수 있도록 하는 것) 기능을 가진 문서를 만드는 언어입니다.\r\n다시 말해, 구조를 설계할 때 사용되는 언어로 hyper link 시스템을 가지고 있으며, 흔히 말하는 웹 페이지를 위한 마크업 언어라고 할 수 있습니다.HTML은 Hyper Text Markup Language 약어로 HyperText(웹 페이지에서 다른 페이지로 이동할 수 있도록 하는 것) 기능을 가진 문서를 만드는 언어입니다.\r\n다시 말해, 구조를 설계할 때 사용되는 언어로 hyper link 시스템을 가지고 있으며, 흔히 말하는 웹 페이지를 위한 마크업 언어라고 할 수 있습니다.HTML은 Hyper Text Markup Language 약어로 HyperText(웹 페이지에서 다른 페이지로 이동할 수 있도록 하는 것) 기능을 가진 문서를 만드는 언어입니다.\r\n다시 말해, 구조를 설계할 때 사용되는 언어로 hyper link 시스템을 가지고 있으며, 흔히 말하는 웹 페이지를 위한 마크업 언어라고 할 수 있습니다.HTML은 Hyper Text Markup Language 약어로 HyperText(웹 페이지에서 다른 페이지로 이동할 수 있도록 하는 것) 기능을 가진 문서를 만드는 언어입니다.\r\n다시 말해, 구조를 설계할 때 사용되는 언어로 hyper link 시스템을 가지고 있으며, 흔히 말하는 웹 페이지를 위한 마크업 언어라고 할 수 있습니다.HTML은 Hyper Text Markup Language 약어로 HyperText(웹 페이지에서 다른 페이지로 이동할 수 있도록 하는 것) 기능을 가진 문서를 만드는 언어입니다.\r\n다시 말해, 구조를 설계할 때 사용되는 언어로 hyper link 시스템을 가지고 있으며, 흔히 말하는 웹 페이지를 위한 마크업 언어라고 할 수 있습니다.HTML은 Hyper Text Markup Language 약어로 HyperText(웹 페이지에서 다른 페이지로 이동할 수 있도록 하는 것) 기능을 가진 문서를 만드는 언어입니다.\r\n다시 말해, 구조를 설계할 때 사용되는 언어로 hyper link 시스템을 가지고 있으며, 흔히 말하는 웹 페이지를 위한 마크업 언어라고 할 수 있습니다.HTML은 Hyper Text Markup Language 약어로 HyperText(웹 페이지에서 다른 페이지로 이동할 수 있도록 하는 것) 기능을 가진 문서를 만드는 언어입니다.\r\n다시 말해, 구조를 설계할 때 사용되는 언어로 hyper link 시스템을 가지고 있으며, 흔히 말하는 웹 페이지를 위한 마크업 언어라고 할 수 있습니다.HTML은 Hyper Text Markup Language 약어로 HyperText(웹 페이지에서 다른 페이지로 이동할 수 있도록 하는 것) 기능을 가진 문서를 만드는 언어입니다.\r\n다시 말해, 구조를 설계할 때 사용되는 언어로 hyper link 시스템을 가지고 있으며, 흔히 말하는 웹 페이지를 위한 마크업 언어라고 할 수 있습니다.','2020-07-21 11:41:34',NULL,'hs',6,0),(129,'dlsdnr','아직 디테일이 부족한 미완성 프로젝트 입니다.','프로젝트가 곧 끝나긴 하지만 지금당장은 디테일이 좋지는 않지만, 금방 해결할 수 있는 부분이기 때문에 곧 완성본을 볼 수 있을 것 같습니다.','2020-07-22 13:41:26',NULL,'hs',51,0),(130,'inhwan','&lt;!DOCTYPE html&gt;이란?','DOCTYPE 선언은 HTML 문서에서 &lt;html&gt; 태그를 정의하기 전에 가장 먼저 선언되어야만 합니다.\r\n\r\n이러한 DOCTYPE 선언은 HTML 태그는 아니지만, 선언된 페이지의 HTML 버전이 무엇인지를 웹 브라우저에 알려주는 역할을 하는 선언문으로, 대소문자를 구분하지 않습니다.\r\n\r\n이전 버전 HTML... 4.01에는 세 가지 버전이 있는데요.\r\n\r\n이 DTD는 모든 HTML 요소와 속성들을 포함하고 있지만, 더 이상 사용되지 않거나 아직 정식으로 포함되지 못한 요소들은 포함하고 있지 않습니다.\r\n\r\n&lt;!DOCTYPE HTML PUBLIC &quot;-//W3C//DTD HTML 4.01//EN&quot; &quot;http://www.w3.org/TR/html4/strict.dtd&quot;&gt;\r\n\r\n이 DTD는 모든 HTML 요소와 속성들뿐만 아니라 더 이상 사용되지 않거나 아직 정식으로 포함되지 못한 요소들까지도 포함하고 있습니다. 하지만 프레임셋(frameset) 콘텐츠의 사용은 허용하지 않습니다.\r\n\r\n&lt;!DOCTYPE HTML PUBLIC &quot;-//W3C//DTD HTML 4.01 Transitional//EN&quot; &quot;http://www.w3.org/TR/html4/loose.dtd&quot;&gt;\r\n\r\n이 DTD는 모든 HTML 요소와 속성들, 더 이상 사용되지 않거나 아직 정식으로 포함되지 못한 요소들까지도 모두 포함하며, 프레임셋(frameset) 콘텐츠의 사용까지 허용합니다.\r\n\r\n&lt;!DOCTYPE HTML PUBLIC &quot;-//W3C//DTD HTML 4.01 Frameset//EN&quot; &quot;http://www.w3.org/TR/html4/frameset.dtd&quot;&gt;\r\n\r\n하지만 HTML5에서는 &lt;!DOCTYPE html&gt; 하나만 HTML 문서 맨 위에 선언해주면 됩니다! 참 쉽죠?\r\n\r\n======================\r\n\r\n대소문자 구분을 안 한다지만 저는 &lt;!DOCTYPE html&gt;로 대소문자를 구분해줍니다.\r\n\r\n어디까지나 취향이니까요...ㅎㅎ\r\n\r\n','2020-07-22 14:35:18','2020-07-22 14:38:35','hs',10,0),(131,'kimtw','자바스크립트를 알기 위해서는 필요한 지식은 뭘까?','자바스크립트를 좀 더 이해하기 위해서는 다음과 같은 기초 지식이 있으면 좋다.\r\n\r\n- HTML\r\n- CSS\r\n\r\n그 이유로는 자바스크립트(JavaScript)의 개념으로는 객체(object) 기반의 스크립트 언어라는 것은 대부분 알 것이다.\r\n\r\nHTML과 CSS의 기초지식이 필요한 이유는 HTML로는 웹의 내용을 작성하고, CSS로는 웹을 디자인하며, 자바스크립트로는 웹의 동작을 구현할 수 있으며 자바스크립트는 주로 웹 브라우저에서 사용되나, Node.js와 같은 프레임워크를 사용하면 서버 측 프로그래밍에서도 사용할 수 있기 때문이다.  \r\n\r\n\r\n\r\n','2020-07-22 14:49:57',NULL,'js',4,0),(132,'inhwan','pointer 속성에 대하여.araboja','간단하게 말해서 마우스 커서 모양을 지정할 수 있는 속성입니다.\r\n\r\n예를 들어 cursor:pointer; 는 마우스 커서를 엄지와 검지를 편 모양으로 바꿔줍니다.\r\n\r\ncursor:help; 는 일반 마우스 커서 옆에 물음표가 붙고요.\r\n\r\n이외에도 다양한 속성이 있는데요.\r\n\r\n아래 주소를 참고하여 본인이 필요한 속성을 갖다 쓰시면 될 것 같네요~\r\n\r\nhttps://www.w3schools.com/cssref/pr_class_cursor.asp\r\n\r\n','2020-07-22 14:51:00',NULL,'cs',6,0),(133,'kimtw','&lt;head&gt; 내에서의 자바스크립트의 적용','다음 코드는 &lt;head&gt; 태그내에서 작성한 자바스크립트 코드이다. \r\n\r\n&lt;!DOCTYPE html&gt;\r\n&lt;html lang=&quot;ko&quot;&gt;\r\n\r\n&lt;head&gt;\r\n	&lt;meta charset=&quot;UTF-8&quot;&gt;\r\n	&lt;title&gt;JavaScript Apply&lt;/title&gt;\r\n	&lt;script&gt;\r\n		function printDate() {\r\n			document.getElementById(&quot;date&quot;).innerHTML = Date();\r\n		}\r\n	&lt;/script&gt;\r\n&lt;/head&gt;\r\n\r\n&lt;body&gt;\r\n    \r\n    &lt;h1&gt;head 태그 내의 자바스크립트&lt;/h1&gt;\r\n	&lt;p&gt;자바스크립트를 이용하면 현재 날짜와 시간 정보에도 손쉽게 접근할 수 있어요!&lt;/p&gt;\r\n	&lt;button onclick=&quot;printDate()&quot;&gt;현재 날짜와 시간 표시하기!&lt;/button&gt;\r\n	&lt;p id=&quot;date&quot;&gt;&lt;/p&gt;\r\n\r\n&lt;/body&gt;\r\n\r\n&lt;/html&gt;\r\n\r\n다음의 코드는 어떻게 출력이 될까?\r\n\r\n출력은 다음의 순서와 같이 출력이 될 것이다.\r\n\r\n[head 태그 내의 자바 스크립트]\r\n\r\n[자바스크립트를 이용하면 현재 날짜와 시간 정보에도 손쉽게 접근할 수 있어요!]\r\n\r\n[현재 날짜와 시간 표시하기]\r\n\r\n여기서 버튼을 클릭하게 되면 아래에 현재 시간이 표기가 된다.  \r\n\r\n물론 &lt;body&gt; 태그에서 작성해도 정상 동작은 된다.','2020-07-22 15:00:49','2020-07-22 15:12:45','js',7,0),(134,'kimtw','getElementById가 뭔가요?','그리고 getElementById가 하는 역할은 어떤거에요?','2020-07-22 15:04:32',NULL,'jq',5,0),(135,'user3','&lt;table&gt; vs &lt;div&gt;','이 두 태그의 차이점에 대해서 알고 싶습니다!','2020-07-22 15:20:33',NULL,'hq',2,0),(136,'user3','@규칙에 대해','CSS는 @규칙이 있는데 이중에 import/font-face/media가 주로 많이 사용된다고 하는데요\r\n@규칙이 JSP에서 사용되는 include와 같은 개념인가요?','2020-07-22 15:26:07',NULL,'cq',5,0),(137,'dlsdnr','title test input.','contents test input.','2020-07-22 15:50:09',NULL,'hs',1,0),(138,'dlsdnr','title test input.','contents test input.','2020-07-22 15:50:17',NULL,'hs',1,0),(139,'dlsdnr','title test input.','contents test input.','2020-07-22 15:50:24',NULL,'hs',1,0),(140,'dlsdnr','title test input.','contents test input.','2020-07-22 15:50:30',NULL,'hs',1,0),(141,'dlsdnr','title test input.','contents test input.','2020-07-22 15:50:36',NULL,'hs',1,0),(142,'dlsdnr','title test input.','contents test input.','2020-07-22 15:50:42',NULL,'hs',1,0),(143,'dlsdnr','title test input.','contents test input.','2020-07-22 15:50:50',NULL,'hs',1,0),(144,'dlsdnr','title test input.','contents test input.','2020-07-22 15:50:55',NULL,'hs',1,0),(145,'dlsdnr','title test input.','contents test input.','2020-07-22 15:51:00',NULL,'hs',1,0),(146,'dlsdnr','title test input.','contents test input.','2020-07-22 15:51:05',NULL,'hs',1,0),(147,'dlsdnr','title test input.','contents test input.','2020-07-22 15:51:10',NULL,'hs',1,0),(148,'dlsdnr','title test input.','contents test input.','2020-07-22 15:51:16',NULL,'hs',1,0),(149,'dlsdnr','title test input.','contents test input.','2020-07-22 15:51:19',NULL,'hs',1,0),(150,'dlsdnr','title test input.','contents test input.','2020-07-22 15:51:24',NULL,'hs',1,0),(151,'dlsdnr','title test input.','contents test input.','2020-07-22 15:51:33',NULL,'hs',1,0),(152,'dlsdnr','title test input.','contents test input.','2020-07-22 15:51:36',NULL,'hs',1,0),(153,'inhwan','title test input.','contents test input.','2020-07-22 15:51:39',NULL,'hs',1,0),(154,'dlsdnr','title test input.','contents test input.','2020-07-22 15:51:43',NULL,'hs',1,0),(155,'kimtw','title test input.','contents test input.','2020-07-22 15:51:46',NULL,'hs',2,0),(156,'kimtw','title test input.','contents test input.','2020-07-22 15:51:50',NULL,'hs',1,0),(157,'inhwan','title test input.','contents test input.','2020-07-22 15:51:54',NULL,'hs',1,0),(158,'dlsdnr','title test input.','contents test input.','2020-07-22 15:51:59',NULL,'hs',1,0),(159,'dlsdnr','title test input.','contents test input.','2020-07-22 15:52:02',NULL,'hs',5,0),(160,'dlsdnr','구글 개발자 모드에서..','안녕하세요.\r\n\r\n하루에 하나 이상씩 궁금한 것이 있는 코린이 입니다.\r\n\r\n다름이 아니라 구글 개발자 모드보면\r\n\r\n모바일 별로 볼수 있잖아요?\r\n\r\n거기에 나와있는 모바일 사이즈는 뭐를 나타 내는 건가요?\r\n\r\n아이폰 해상도는 750 &times; 1334\r\n\r\n인데\r\n\r\n구글 개발자 도구에는\r\n\r\n375 x 667로 나와 있어서요.\r\n\r\n해상도는 아닌 거 같은데..\r\n\r\n저 사이즈는 어디에서 확인 할 수 있을까요!??','2020-07-22 15:55:29',NULL,'hs',1,0),(161,'dlsdnr','이번에 새롭게 배운거에요!','contents test input.','2020-07-22 15:56:09',NULL,'hs',1,0),(162,'kimtw','CSS의 문법','CSS의 문법은 선언부, 선택자로 구성되며\r\n\r\n선택자는 HTML 요소를  가리킨다.  선언부는 CSS의 속성명과 속성값을 가지며 콜론(:)을 이용해 값을 연결한다.\r\n\r\n예문으로 아래의 코드를 살펴보자 \r\n\r\n&lt;style&gt;h2 {color: teal;text-decoration: underline;}&lt;/style&gt;\r\n\r\n해당 코드는 h2 태그의 요소에 적용할 스타일을 작성하였으며 분석을 해보자.\r\n\r\n1. h2는 CSS를 적용하는 HTML 요소이기 때문에 선택자가 된다.\r\n\r\n2. { }를 사용하여 선언부를 생성한다.\r\n\r\n3.  속성명은 color/text-decoration이고 속성값은 teal/underline이다.\r\n\r\n4. CSS선언을 마치려면 마지막에 세미콜론으로 끝마친다. ','2020-07-22 15:56:42',NULL,'cs',1,0),(163,'dlsdnr','title test input.','contents test input.','2020-07-22 15:58:47',NULL,'hq',1,0),(164,'dlsdnr','title test input.','contents test input.','2020-07-22 15:58:52',NULL,'hq',1,0),(165,'dlsdnr','title test input.','contents test input.','2020-07-22 15:58:56',NULL,'hq',1,0),(166,'dlsdnr','title test input.','contents test input.','2020-07-22 15:59:01',NULL,'hq',1,0),(167,'dlsdnr','title test input.','contents test input.','2020-07-22 15:59:05',NULL,'hq',1,0),(168,'dlsdnr','title test input.','contents test input.','2020-07-22 15:59:09',NULL,'hq',1,0),(169,'dlsdnr','title test input.','contents test input.','2020-07-22 15:59:13',NULL,'hq',1,0),(170,'dlsdnr','title test input.','contents test input.','2020-07-22 15:59:21',NULL,'hq',1,0),(171,'dlsdnr','title test input.','contents test input.','2020-07-22 15:59:29',NULL,'hq',1,0),(172,'dlsdnr','title test input.','contents test input.','2020-07-22 15:59:33',NULL,'hq',1,0),(173,'dlsdnr','title test input.','contents test input.','2020-07-22 15:59:37',NULL,'hq',1,0),(174,'dlsdnr','title test input.','contents test input.','2020-07-22 16:05:31',NULL,'hq',1,0),(175,'dlsdnr','title test input.','contents test input.','2020-07-22 16:05:36',NULL,'hq',1,0),(176,'dlsdnr','title test input.','contents test input.','2020-07-22 16:06:21',NULL,'hq',1,0),(177,'dlsdnr','title test input.','contents test input.','2020-07-22 16:06:27',NULL,'hq',1,0),(178,'dlsdnr','title test input.','contents test input.','2020-07-22 16:06:38',NULL,'hq',1,0),(179,'dlsdnr','title test input.','contents test input.','2020-07-22 16:06:44',NULL,'hq',1,0),(180,'dlsdnr','title test input.','contents test input.','2020-07-22 16:06:48',NULL,'hq',1,0),(181,'dlsdnr','title test input.','contents test input.','2020-07-22 16:06:52',NULL,'hq',1,0),(182,'dlsdnr','title test input.','contents test input.','2020-07-22 16:06:57',NULL,'hq',1,0),(183,'dlsdnr','title test input.','contents test input.','2020-07-22 16:07:02',NULL,'hq',1,0),(184,'dlsdnr','title test input.','contents test input.','2020-07-22 16:07:07',NULL,'hq',1,0),(185,'dlsdnr','title test input.','contents test input.','2020-07-22 16:07:12',NULL,'hq',1,0),(186,'dlsdnr','title test input.','contents test input.','2020-07-22 16:07:17',NULL,'hq',1,0),(187,'dlsdnr','title test input.','contents test input.','2020-07-22 16:07:20',NULL,'hq',1,0),(188,'dlsdnr','title test input.','contents test input.','2020-07-22 16:07:53',NULL,'hq',1,0),(189,'dlsdnr','title test input.','contents test input.','2020-07-22 16:07:57',NULL,'hq',1,0),(190,'dlsdnr','title test input.','contents test input.','2020-07-22 16:08:02',NULL,'hq',1,0),(191,'dlsdnr','각 태그의 뜻 정리해놨습니다 ㅋㅋㅋ','contents test input.','2020-07-22 16:08:42',NULL,'hs',1,0),(192,'godus9551','고수님들께.. 질문이 있습니다...','contents test input.','2020-07-22 16:09:24',NULL,'hs',1,0),(193,'dlsdnr','채팅창 문의','123123','2020-07-22 16:10:29',NULL,'hs',1,0),(194,'kimtw','CSS 선택자 (id 선택자)','스타일을 적용할 HTML요소를 가리키는데 사용하는 선택자는 ID, CLASS, 그룹 선택자가 있다.  \r\n\r\n그중에서 이번에는 ID에 대해 이야기를 한다.\r\n\r\nID 선택자는 특정 ID 이름을 가지는 요소를 선택하여 CSS를 적용한다.\r\n\r\n&lt;style&gt;\r\n\r\n    #heading { color: teal; text-decoration: line-through; }\r\n\r\n&lt;/style&gt;\r\n\r\n...\r\n\r\n&lt;h2 id=&quot;heading&quot;&gt;이 부분에 스타일을 적용합니다.&lt;/h2&gt;\r\n\r\n위의 예제는 heading이라는 id를 선택하여 CSS를 적용하는 예제이다.  결과를 확인해보면 h2 구문에는 글자 중간에 선이 그어져 있을 것이다.','2020-07-22 16:10:46',NULL,'cs',1,0),(195,'sinae94','첫번째 작동 이후 작동하지 않는 원인','123','2020-07-22 16:10:48',NULL,'hs',1,0),(196,'pen0000','html에서 팝업창 관련인데요..','html ','2020-07-22 16:11:30',NULL,'hs',1,0),(197,'yr11','해상도에 따른 배경이미지 고정','ㅂㅈㄷㅂㅈㄷ','2020-07-22 16:11:56',NULL,'hs',2,0),(198,'kmtv','모바일에서 셀렉트박스 보이지 않게 하는 방법입니다.','ㅂㅈㄷ','2020-07-22 16:12:29',NULL,'hs',1,0),(199,'kbs2','php는 또 뭐람;;; 아효 어려워 죽겟네;','ㅂㅈㄷ','2020-07-22 16:12:52',NULL,'hs',1,0),(200,'mNet','asmr듣다가 자버려서 시험을 못봣어요....','ㅂㅈㄷ','2020-07-22 16:13:15',NULL,'hs',1,0),(201,'dlsdnr','history.back 의 정의와 예제를 좀 준비 해봤습니다.','ㅂㅈㄷ','2020-07-22 16:13:50',NULL,'hs',3,0),(202,'kettlebell','이미지에 커서를 대면 특정 영역 설명나오게 하는 방법인데요,','ㅂㅈㄷ','2020-07-22 16:14:19',NULL,'hs',1,0),(203,'getOut','position:fixed 세로 스크롤','ㅂㅈㄷ','2020-07-22 16:14:41',NULL,'hs',1,0),(204,'익져익져','html에서 style속성... 사용하면 색깔이;ㅜㅜㅜ','ㅂㅈㄷ','2020-07-22 16:15:03',NULL,'hs',1,0),(205,'klementine','마우스 포커스 유무 가리기(수정)','ㅂㅈㄷ','2020-07-22 16:15:29',NULL,'hs',1,0),(206,'김수환무','백그라운드에 a태그 쓸때','ㅂㅈㄷ','2020-07-22 16:15:49',NULL,'hs',2,0),(207,'dlsdnr','html 또는 javascript로 브라우저 툴바 없애는 기능 구현 할 수.. 있나유..','window.open을 이용하여 브라우저 툴바 없앨 수 있는걸로 알고 있는데 이 방법말고 기본적으로 툴바기능 없애는 방법이 있을까요?','2020-07-22 16:16:18','2020-07-22 17:22:00','hs',5,0),(208,'거북이와두루미','익스플로러에서는 작동하고 크롬에서는 작동을 하지 않는 이유','ㅂㅈㄷ','2020-07-22 16:16:45',NULL,'hs',2,0),(209,'dlsdnr','button에서 value값 위치 변경하기','안녕하세요.\r\n\r\ncss 공부도중에 궁금한 것이 있어서요.\r\n\r\ninput type 중에 button 있잖아요.\r\n\r\n이거 value값을\r\n\r\n&lt;input type=&prime;button&prime; class=&quot;btn btn-default btn_num&quot; value=&prime;+ 100(원)&prime; &gt;\r\n\r\n이런식으로 지정했는데..\r\n\r\n이게 pc화면에서는 가로세로 중앙으로 값이 정렬이되는데요.\r\n\r\n모바일 화면으로 가면 다음 그림처럼 밑으로\r\n\r\n처집니다.\r\n\r\n이거 바로 잡을 방법이 있을까요?\r\n[ ▼ 질문관련 참고 Source ]\r\n\r\n\r\ncss 부분\r\n@media only screen and (-webkit-device-pixel-ratio: 3) and (min-width: 360px) and (orientation: portrait)\r\n#container .contents_wrap #stopless-calculate .tabcontent#tab4 .information-payment tr:nth-child(3) td .division-content ul li input {\r\n    margin: 3px 0;\r\n    width: 75px;\r\n    height: 35px;\r\n}\r\n \r\nhtml\r\n&lt;div id=&quot;division-tab2&quot; class=&quot;division-content on&quot;&gt;\r\n       &lt;ul&gt;\r\n              &lt;li&gt;&lt;input type=&quot;button&quot; class=&quot;btn btn-default btn_num&quot; value=&quot;+ 100(원)&quot;&gt;&lt;/li&gt;\r\n              &lt;li&gt;&lt;input type=&quot;button&quot; class=&quot;btn btn-default btn_num&quot; value=&quot;+ 500(원)&quot;&gt;&lt;/li&gt;\r\n              &lt;li&gt;&lt;input type=&quot;button&quot; class=&quot;btn btn-default btn_num&quot; value=&quot;+ 1000(원)&quot;&gt;&lt;/li&gt;\r\n        &lt;/ul&gt;\r\n        &lt;p&gt;&lt;input type=&quot;text&quot; class=&quot;sum&quot;&gt;원&lt;/p&gt;\r\n &lt;/div&gt;','2020-07-22 16:17:13','2020-07-22 17:22:43','hs',8,0),(210,'ABraKAdabra','현재 페이지 특정 필드 value에 따라 폼을 바꾸려고 하는데요','ㅂㅈㄷ','2020-07-22 16:17:57',NULL,'hq',1,0),(211,'danger','보통 게시판 만들때 리스트페이지의 경우','ㅂㅈㄷ','2020-07-22 16:18:22',NULL,'hq',1,0),(212,'dnanr','의사요소에 대해 알아봅시다.','의사요소는 해당 HTML의 요소의 특정 부분만을 선택할 때 사용하는데 문법은 아래와 같습니다.\r\n\r\n선택자::의사요소이름 {속성: 속성값;} \r\n\r\n대표적인 CSS 의사요소로는 다음과 같습니다.\r\n\r\n- ::first-letter : 텍스트의 첫 글자만을 사용합니다.\r\n&lt;style&gt;\r\n\r\n    p::first-letter { color: #FF4500; font-size: 2em; }\r\n\r\n&lt;/style&gt;\r\n\r\n- ::first-line : 텍스트의 첫 라인만 사용합니다.\r\n&lt;style&gt;\r\n\r\n    p::first-line { color: #FF4500; font-size: 2em; }\r\n\r\n&lt;/style&gt;\r\n\r\n- ::before : 특정 요소의 내용 부분 바로 앞에 사용합니다.\r\n&lt;style&gt;\r\n\r\n    p::before { content: url(&quot;/examples/images/img_penguin.png&quot;); }\r\n\r\n&lt;/style&gt;\r\n\r\n- ::after : 특정 요소의 내용 부분 바로 뒤에 사용합니다.\r\n&lt;style&gt;\r\n\r\n    p::after { content: url(&quot;/examples/images/img_penguin.png&quot;); }\r\n\r\n&lt;/style&gt;\r\n\r\n- ::selection : 사용자가 선택한 부분만을 사용합니다. \r\n&lt;style&gt;\r\n\r\n    p::selection { color: #FF4500; }\r\n\r\n&lt;/style&gt;\r\n\r\n의사요소는 2개 이상의 요소를 동시에 적용할 수 있습니다.  아래와 같은 코드로말이죠\r\n&lt;style&gt;\r\n\r\n    p::first-letter { color: #FFD700; font-size: 2em; font-weight: bold; }\r\n\r\n    p::first-line { color: #FF4500; }\r\n\r\n&lt;/style&gt;\r\n\r\n여러분들께서 직접 실습해보고 의사 요소에 대한 지식을 습득하시길 바랍니다.','2020-07-22 16:18:42',NULL,'cs',1,0),(213,'bibimBOB','object태그가 모바일웹에서는 안먹습니다;;;','ㅂㅈㄷ','2020-07-22 16:18:46',NULL,'hq',1,0),(214,'dlsdnr','버튼 클릭할때마다 안에 있는 값을 더하고 싶은데 어떻게 해야 할 까요..','안녕하세요. 스크립트를 공부하고 있는 코린이입니다.\r\n\r\n스크립트 공부하는 중에 막히는 부분이 있어서요.\r\n\r\n다름이 아니라..\r\n\r\n버튼을 3개 생성한 다음에...각 버튼 클릭시\r\n텍스트 박스에 나타나게 하고 싶은데..\r\n\r\n이게 개별적으로 하나씩 클릭하면\r\n\r\n10분 30분 60분 이렇게 찍힙니다.\r\n\r\n제가 하고 싶은건\r\n\r\n여기서 한단계 더 나아가..\r\n\r\n버튼을 클릭할때 마다..덧셈이 되어 화면에 표시하고 싶습니다.\r\n\r\n10분은 두번 클릭하면\r\n\r\n20분이 나오고\r\n\r\n10분 하고 30분 클릭하면 40분이 찍히게요.\r\n\r\n근데 도통 감이 안오네요.\r\n\r\n구글링 검색을 해봐도...1씩 증가만 나올뿐...\r\n\r\n고민끝에 글 적어봅니다.\r\n\r\n도와주세요.ㅜㅜ\r\n[ ▼ 질문관련 참고 Source ]\r\n\r\n&lt;div id=&quot;division-tab1&quot; class=&quot;division-content on&quot;&gt;\r\n    &lt;ul&gt;\r\n        &lt;li&gt;&lt;input type=&prime;button&prime; class=&quot;btn btn-default btn_num&quot; value=&prime;+ 10(분)&prime; &gt;&lt;/li&gt;\r\n        &lt;li&gt;&lt;input type=&prime;button&prime; class=&quot;btn btn-default btn_num&quot; value=&prime;+ 30(분)&prime; &gt;&lt;/li&gt;\r\n        &lt;li&gt;&lt;input type=&prime;button&prime; class=&quot;btn btn-default btn_num&quot; value=&prime;+ 60(분)&prime; &gt;&lt;/li&gt;\r\n    &lt;/ul&gt;\r\n    &lt;p&gt;&lt;input type=&quot;text&quot; class=&quot;sum&quot;&gt;분&lt;/p&gt;\r\n&lt;/div&gt;\r\n \r\n&lt;script&gt;  \r\n$(&prime;.btn_num&prime;).on({\r\n    &quot;click&quot; : function(){\r\n      var number = ($(this).attr(&prime;value&prime;)).replace(/[^0-9]/g,&prime;&prime;);\r\n      var plus_num = parseInt(number);\r\n       \r\n      //console.log(plus_num);\r\n         \r\n      $(&quot;.sum&quot;).attr(&prime;value&prime;, plus_num);\r\n    }\r\n  });\r\n&lt;/script&gt;','2020-07-22 16:19:25','2020-07-22 17:25:50','hq',6,0),(215,'dlsdnr','div에 여러 내용을 삽입할 때, 내용이 끊어지지 않도록 이어서 자동으로 줄을 띄워 정렬하는 법','\r\n한 div 영역 안에 짧은 단어들을 나열해서 입력하는 경우가 있는데\r\n이럴 때 첨부한 내용들을 나열하다 div영역의 width값이 조금 모자라서 입력된 내용이 중간에 잘려서 다음 줄로 넘어갈 때 있잖아요?\r\n이때, 도중에 잘려서 입력이 될 것 같으면 그 내용물 전체는 다음 줄로 자동으로 넘기게 하려면 어떻게 해야할까요?\r\n\r\n이미지 처럼 width값이 넓을 땐 상관없지만 좁아지면 저렇게 단어가 분열이 되서 다음줄로 나머지 부분이 넘어가는데\r\n잘릴거같으면 저 &quot;국내여행 펜션&quot; 이라는 단어 전체가 다음줄로 넘어가게끔 만들고싶은데 어떻게 해야할지 모르겠네요ㅠ\r\n(참고로 전체 창의 width값이 일정치않습니당ㅠ)','2020-07-22 16:19:50','2020-07-22 17:24:52','hq',5,0),(216,'dlsdnr','처음 선택한 필터에 값을 가지고 있는 대상들을 재 필터링 하는 방법','1차 필터링을 하고, 그 값을 가지고 있는 대상을 2차 필터링 드롭박스로 가져오고 싶습니다.\r\nEx : 지원년도(1차) |  사업부문 (2차)\r\n[지원년도]를 선택 시, 그 [지원년도]에만 있는 [사업부문]를 필터 선택할 수 있도록 만들고자 합니다...\r\n\r\n어떤 식으로 JS를 짜야될지 감이 안오네요...\r\nSelect는 c:forEach로 테이블 값을 가져오고 있습니다.\r\nJavascript 내에서 DB값을 비교하여 필터링으로 만들수있을까요?\r\n[ ▼ 질문관련 참고 Source ]\r\n\r\n&lt;select id=&quot;appl_year_filterBy&quot; name=&quot;appl_year_filterBy&quot;&gt;\r\n       &lt;c:forEach var=&quot;biz&quot; varStatus=&quot;i&quot; items=&quot;${supportList}&quot;&gt;\r\n            &lt;option&gt;&lt;c:out value=&quot;${biz.appl_year}&quot;&gt;&lt;/c:out&gt;&lt;/option&gt;\r\n       &lt;/c:forEach&gt;\r\n&lt;/select&gt;\r\n&lt;select id=&quot;main_name_filterBy&quot; name=&quot;main_name_filterBy&quot;&gt;\r\n         &lt;c:forEach var=&quot;biz&quot; varStatus=&quot;i&quot; items=&quot;${supportList}&quot;&gt;\r\n              &lt;option value=&quot;${biz.main_name}&quot;&gt;${biz.main_name}&lt;/option&gt;\r\n         &lt;/c:forEach&gt;\r\n&lt;/select&gt;\r\n-----------------------------\r\n$(function () {\r\n        $(document).ready(function () {\r\n            $(&prime;select[name=appl_year_filterBy]&prime;).change(function () {\r\n                $appl_year_filter = $(this).val();\r\n}','2020-07-22 16:20:17','2020-07-22 17:23:37','hq',6,0),(217,'Ebs','엑셀 시트를 복사 후 , 테이블로 그려주는 법이 있을가요?','ㅂㅈㄷㅂㅈㄷ','2020-07-22 16:20:40',NULL,'hq',1,0),(218,'pengsoo','스크린 사이즈 반응 div','qwe','2020-07-22 16:21:00',NULL,'hq',1,0),(219,'SKYcastle','SmartEditor2 잘 되시는분? 갑자기 안되는데','ㅂㅈㄷ','2020-07-22 16:21:34',NULL,'hq',3,0),(220,'kim123','이벤트가 발생한 개체를 반환하는 event.srcElement 처럼 document.뭐시기','ㅂㅈㄷ','2020-07-22 16:22:14',NULL,'hq',1,0),(221,'everybody','팝업 오늘 하루만 닫기가 안되요;;','ㅂㅈㄷ','2020-07-22 16:22:52',NULL,'hq',2,0),(222,'rndsld','swiper slide 질문','ㅂㅈㄷ','2020-07-22 16:23:09',NULL,'hq',2,0),(223,'dnanr','CSS로 꾸미는 버튼 코드','html에서 버튼을 만들 때 쓰는 태그는 &lt;button&gt; 태그인것은 많이들 알고 있으실 겁니다. 물론 &lt;a&gt;, &lt;input&gt;으로도 버튼을 만들 수 있지요!\r\n\r\n이러한 버튼을 CSS로 꾸며봅시다. \r\n\r\n다음 예제를 사용하여 버튼을 만들어 보세요\r\n&lt;style&gt;\r\n\r\n    .btn span { \r\n\r\n        display: inline-block; \r\n\r\n        position: relative; \r\n\r\n        transition: 0.5s; \r\n\r\n    }\r\n\r\n    .btn span::after { \r\n\r\n        content: &quot;▶&quot;; \r\n\r\n        opacity: 0; \r\n\r\n        transition: 0.5s;\r\n\r\n    }\r\n\r\n    .btn:hover span::after { \r\n\r\n        opacity: 1; \r\n\r\n        right: 0px; \r\n\r\n    }\r\n\r\n&lt;/style&gt;\r\n\r\n결과는 댓글로 작성해 주세요!','2020-07-22 16:32:03',NULL,'cs',5,0),(224,'inhwan','자바스크립트의 자료형','자바스크립트의 자료형은 크게 일곱 가지가 있다.\r\n\r\nnumber, string, boolean, undefined, null, symbol, object\r\n\r\n\r\nnumber : 숫자 값, 다른 프로그래밍 언어에는 int, float, double, long과 같이 다양한 타입이 있다\r\nstring : 선언한 후 값을 할당하지 않은 변수 또는 값이 주어지지 않은 인수에 자동으로 할당\r\nboolean : 논리 데이터 유형, true/false(참/거짓) 값만을 가질 수 있다\r\nundefined : 정의되지 않은 값\r\nnull : 어떤 값이 의도적으로 비어있음을 표현함\r\nsymbol : 객체 속성(object property)을 만들 수 있는 원시 데이터 형식(primitive data type)\r\nobject : 여러 속성을 하나의 변수에 저장할 수 있도록 해주는 데이터 타입','2020-07-22 16:34:52',NULL,'js',1,0),(225,'jhjeong','트랜스폼! ','CSS의 전환(transition) 기능의 속성은 \r\n\r\n1. transition\r\n\r\n2. transition-delay\r\n\r\n3. transition-duration\r\n\r\n4. transition-property\r\n\r\n5. transition-timing-function \r\n\r\n총 5가지가 있습니다. \r\n\r\n전환 기능을 사용하기 전에 참고 하시면 좋을 것 같습니다.\r\n\r\nhttps://developer.mozilla.org/ko/docs/Web/CSS/CSS_Transitions/Using_CSS_transitions','2020-07-22 16:39:14',NULL,'cs',1,0),(226,'inhwan','함수란 무엇인가','함수(function)란 하나의 특별한 목적의 작업을 수행하도록 설계된 독립적인 블록을 의미합니다.\r\n이러한 함수는 필요할 때마다 호출하여 해당 작업을 반복해서 수행할 수 있습니다.\r\n\r\n※ 자바스크립트의 블록이란 함수나 실행문의 중괄호({})로 묶여진 부분을 가리킵니다.\r\n\r\n자바스크립트에서 함수의 정의는 function 키워드로 시작되며, 다음과 같은 구성요소를 가집니다.\r\n\r\n1. 함수의 이름\r\n2. 괄호 안에 쉼표(,)로 구분되는 함수의 매개변수(parameter)\r\n3. 중괄호({})로 둘러싸인 자바스크립트 실행문\r\n\r\n함수를 정의하는 문법은 다음과 같습니다.\r\n\r\n===============================\r\nfunction 함수이름(매개변수1, 매개변수2,...)\r\n{\r\n    함수가 호출되었을 때 실행하고자 하는 실행문;\r\n}\r\n===============================\r\n\r\n아래의 예를 봅시다.\r\n\r\n=================\r\nfunction addNum(x, y) \r\n{\r\n    document.write(x + y);\r\n}\r\n\r\naddNum(2, 3);\r\n=================\r\n\r\n먼저 addNum라는 이름의 함수를 정의합니다.\r\n괄호 안의 x, y는 이 함수의 매개변수입니다.\r\ndocument.write는 브라우저에 괄호 안의 내용을 출력합니다.\r\naddNum() 함수에 인수로 2와 3을 전달하여 호출합니다.\r\n\r\n따라서 위 함수를 출력하면 2+3의 결과값인 5가 출력됩니다.\r\n\r\n\r\n','2020-07-22 16:46:10',NULL,'js',1,0),(227,'inhwan','window.location과 document.location의 차이','window.location과 document.location 실제로는 같은 방식으로 사용합니다.\r\n\r\n공식적으로 window.location은 현재 위치를 object 값으로 가져올 수 있는 표준방법이고 \r\n\r\ndocument.location는 현재 URL 값이 String으로 반환됩니다.\r\n\r\n이러한 혼란을 피하기 위해 document.location은 document.URL로 변경되었습니다.\r\n\r\n모든 최신 브라우저는 document.location을 window.location에 매핑하고 있습니다.\r\n\r\n\r\n\r\n출처: https://nopanic.tistory.com/11 [당황하지않고_프로그래밍]','2020-07-22 16:47:56',NULL,'js',1,0),(228,'abcd','태그 단축키','#small+#large 적고 바로 태그로 만드는 단축키가 있나요??\r\n\r\n','2020-07-22 16:52:08',NULL,'cq',1,0),(229,'abcd','보기도 좋은 제품이 눈에도 잘 띄는 법!','우리는 HTML에서 학습했던 테이블에 대하여 실습을 통해 익혔을 것입니다. \r\n\r\n하지만 외형만으로는 매력을 뽐낼 수 없지요. \r\n\r\n테이블이 더욱이 빛이나게 되는 방법으로는 CSS를 적용하여 테이블을 꾸며보는 것입니다!\r\n\r\n테이블에 사용하는 CSS 속성으로는 border/boder-collapse/border-spacing/caption-side/empty-cells/table-layout이 있습니다. \r\n\r\n각각의 속성에 대해서는 참고 사이트와 함께 실습을 통하여 여러분만의 테이블을 멋지게 꾸며보시길 바랍니다. \r\n\r\nhttp://tcpschool.com/css/css_basic_tables','2020-07-22 16:58:55',NULL,'cs',3,0),(230,'inhwan','focus() 메소드에 대한 설명.gandan','HTMLElement.focus() 메소드는 특정 요소로 포커스를 이동할 수 있게 합니다.\r\n\r\n\r\n예시 \r\n\r\n===================================================\r\n자바스크립트\r\n\r\nfocusMethod = function getFocus() \r\n{           \r\n  document.getElementById(&quot;myTextField&quot;).focus();\r\n}\r\nHTML\r\n\r\n&lt;input type=&quot;text&quot; id=&quot;myTextField&quot; value=&quot;text field&quot;&gt;\r\n&lt;p&gt;&lt;/p&gt;\r\n&lt;button type=&quot;button&quot; onclick=&quot;focusMethod()&quot;&gt;Click!&lt;/button&gt;\r\n===================================================\r\n\r\nClick!이라는 버튼을 클릭하면 id가 myTextField인 텍스트박스에서\r\n\r\n키보드 커서가 깜박이는 것을 확인할 수 있습니다. ','2020-07-22 17:05:57',NULL,'js',2,0),(231,'inhwan','글로벌 변수를 자제해야 하는 EU','1.보안에 취약\r\n2. 다른 페이지나 라이브러리와 충돌할 수 있음\r\n\r\n무시하고 쓰고 싶으면 써! 책임은 못 진다!','2020-07-22 17:08:53',NULL,'js',2,0),(232,'inhwan','아이폰도 자바스크립트의 보안 취약점에 노출될 수 있나요?','나는 팀쿡이 싫어요','2020-07-22 17:10:18',NULL,'jq',1,0),(233,'inhwan','자바 소스 하나도 없이 자바스크립트, html, css만으로 웹앱을 만들 수 있나요?','핵궁금','2020-07-22 17:11:51',NULL,'jq',1,0),(234,'inhwan','외부 스크립트 파일 링크 개수에 제한이 있나요?','호에에 궁금궁금','2020-07-22 17:13:50',NULL,'jq',1,0),(235,'jhjeongxxx','제일 중요한것은 박스?','모든 HTML의 요소는 박스 모양으로 구성되어있는데 이것을 박스 모델이라고 부릅니다.\r\n\r\n박스 모델 요소는 패딩(padding), 테두리(border), 마진(margin), 내용(content)으로 구분합니다.\r\n\r\n각각의 모델의 역할은 \r\n\r\n1. 내용(content) : 텍스트나 이미지가 들어있는 박스의 실질적인 내용 부분입니다.\r\n\r\n2. 패딩(padding) : 내용과 테두리 사이의 간격입니다. 패딩은 눈에 보이지 않습니다.\r\n\r\n3. 테두리(border) : 내용와 패딩 주변을 감싸는 테두리입니다.\r\n\r\n4. 마진(margin) : 테두리와 이웃하는 요소 사이의 간격입니다. 마진은 눈에 보이지 않습니다.\r\n\r\n모든 웹 브라우저에서 정확하게 HTML 요소들을 표현하려면 이러한 박스 모델이 어떻게 동작하는지 정확히 알아야만 합니다.\r\n\r\nCSS에서 height와 width 속성을 설정할 때 그 크기가 가르키는 부분은 내용(content) 부분만을 대상으로 합니다.\r\n\r\nHTML 요소의 height와 width 속성으로 설정된 높이와 너비에 패딩(padding), 테두리(border), 마진(margin)의 크기는 포함되지 않습니다.\r\n\r\n다음 예제로 직접 테스트 해보고 박스 속성에 대해 복습을 해봅시다.\r\n\r\n&lt;style&gt;\r\n\r\n    div {\r\n\r\n        width: 320px;\r\n\r\n        padding: 10px;\r\n\r\n        border: 5px solid maroon;\r\n\r\n        margin: 0;\r\n\r\n    }\r\n\r\n&lt;/style&gt;','2020-07-22 17:14:20',NULL,'cs',2,0),(236,'inhwan','우리집 고양이한테 자바스크립트 가르쳐 주고 싶은데 어떡하죠?','자바스크립트 코딩하기 넘나 귀찮은데\r\n\r\n고양이한테 아웃소싱하고 보상으로 츄르 좀 주고 싶네용ㅋ','2020-07-22 17:16:29',NULL,'jq',8,6),(237,'jhjeongxxx','메타 적용 유무에 따른 가상 클래스 선택자','active랑 hover를 동시에 적용했을 때 만약 utf-8메타를 적용하면 끌었을 때 액티브 효과가 발생하지만, 만약 메타 적용안하면 계속 호버인 상태로 되는데 왜그런지 알고 싶습니다.','2020-07-22 17:17:12',NULL,'cq',1,0),(238,'inhwan','밑에 분 고양이가 님 컴퓨터를 자바스크립트로 박살내면 어떡하려고 그래요;;','ㅇㅇㅇㅇㅇ','2020-07-22 17:17:22',NULL,'jq',1,0),(239,'inhwan','안드앱 내장브라우저에서도 자바스크립트가 돌아가요?','히익','2020-07-22 17:18:34',NULL,'jq',1,0),(240,'inhwan','ajax가 대체 뭐예요? 네덜란드 축구팀 아약스랑 무슨 관계예요?','ㅇㅇㅇㅇㅇㅇㅇ','2020-07-22 17:19:20',NULL,'jq',1,0),(241,'dnanr','flex의 속성 중에서','holy grail layout은 뭔가요?','2020-07-22 17:19:39',NULL,'cq',1,0),(242,'inhwan','flac-&gt;mp3 변환이 자바스크립트로 가능한가요?','ㅇㅇㅇㅇㅇㅇ','2020-07-22 17:20:34',NULL,'jq',1,0),(243,'inhwan','자바스크립트로 외국어 번역기를 만들 수 있을까요?','ㅇㅇㅇㅇㅇㅇ','2020-07-22 17:21:13',NULL,'jq',1,0),(244,'inhwan','자바스크립트로 어디까지 CSS 제어가 가능하죠?','ㅇㅇㅇㅇㅇㅇ','2020-07-22 17:22:21',NULL,'jq',1,0),(245,'inhwan','크로스 사이트 스크립트에 대한 질문입니다.','응 돌아가','2020-07-22 17:24:18',NULL,'jq',1,0),(246,'dnanr','CSS에서도 Flex해버렸지 !','CSS에서의 Flex는 플렉서블 박스(flexible box)라고 불리는데 이 레이아웃은 서로 다른 크기의 화면과 기기에서도\r\n\r\nHTML 요소들이 자동으로 재정렬되어, 웹 페이지의 레이아웃이 똑같게 유지 할 수 있게 해줍니다.\r\n\r\nflex box의 각 속성과 설명을 정리해보았습니다.\r\n\r\ndisplay	HTML 요소에 대한 박스의 타입을 명시함.\r\nflex-direction	플렉스 컨테이너(flex container)안의 플렉스 요소(flex item)가 위치할 방향을 설정함.\r\njustify-content	플렉스 요소의 수평 방향 정렬 방식을 설정함.\r\nalign-items	플렉스 요소의 수직 방향 정렬 방식을 설정함.\r\nflex-wrap	플렉스 라인에 더 이상의 여유 공간이 없을 때, 플렉스 요소의 위치를 다음 줄로 넘길지를 설정함.\r\nflex-flow	\r\nflex-direction 속성과 flex-wrap 속성을 이용한 스타일을 한 줄에 설정할 수 있음.\r\n\r\nalign-content	flex-wrap 속성의 동작을 변경할 수 있으며, 플렉스 요소를 정렬하는 대신에 플렉스 라인을 정렬함.\r\norder	플렉스 컨테이너 안에 있는 플렉스 요소들의 순서를 설정함.\r\nalign-self	플렉스 요소마다 서로 다른 align 속성값을 설정함.\r\n\r\nflex	같은 플렉스 컨테이너 안에 있는 플렉스 요소의 너비를 상대적으로 설정함.\r\n\r\n정말 종류가 많은 플렉서블 박스인데요, 이 기능들을 직접 실습해봅시다!\r\nhttp://tcpschool.com/css/css3_expand_flexbox','2020-07-22 17:24:26','2020-07-22 17:24:40','cs',3,0),(247,'inhwan','자바스크립트 대신 제이쿼리만 배워도 될까요?','ㅇㅇㅇㅇㅇ','2020-07-22 17:25:16',NULL,'jq',2,0),(248,'inhwan','보안성이 높은 브라우저도 자바스크립트를 활용한 해킹에 취약한가요?','ㅇㅇㅇㅇㅇㅇ','2020-07-22 17:26:04',NULL,'jq',1,0),(249,'inhwan','자바처럼 instance 생성이 가능한가요?','dddddddd','2020-07-22 17:27:24',NULL,'jq',1,0),(250,'inhwan','바닐라스크립트는 대체 뭐예요? 먹는 건가?','ㅇㅇㅇㅇ','2020-07-22 17:28:06',NULL,'jq',1,0),(251,'inhwan','한나절 동안 짠 코드가 안 돌아가서 집에 못 갑니다 도와주세요ㅠㅠ','응 너 야근 ㅅㄱ','2020-07-22 17:29:11',NULL,'jq',1,0),(252,'inhwan','array에 대한 질문입니다','ddddddd','2020-07-22 17:30:30',NULL,'jq',2,0),(253,'inhwan','자바스크립트에 의한 해킹을 막으려면 어떻게 해야 하죠?','ㅇㅇㅇㅇ','2020-07-22 17:31:24',NULL,'jq',2,0),(254,'inhwan','console.log vs document.write 뭐가 더 편해요?','ㅇㅇㅇ','2020-07-22 17:32:04',NULL,'jq',1,0),(255,'igonan','CSS 전처리기(CSS Preprocessor)',' CSS 전처리기는 전처리기의 자신만의 특별한 syntax를 가지고 CSS를 생성하도록 하는 프로그램입니다. \r\n\r\n선택할 수 있는 많은 CSS 전처기가 있지만 대부분의 CSS 전처리기는 pure CSS에 존재하지 않는 특징을 추가할것 입니다.\r\n  \r\n믹스인(mixin), 중첩 셀렉터(nesting selector), 상속 셀렉터(inheritance selector) 등의 특징은  CSS 구조를  가독성있고 더 유지보수 하기 좋게 합니다. \r\n\r\n전처리기를 사용하기 위해서는 web server에 CSS compiler를 설치해야합니다.\r\n\r\nCSS 전처리기 부분은 상당히 어려운 부분이니 실습과 참고 자료를 통해 직접 익혀보기를 바랍니다.\r\n\r\nhttps://kdydesign.github.io/2019/05/12/css-preprocessor/','2020-07-22 17:32:54',NULL,'cs',2,0),(256,'inhwan','밀리초 단위로 시간을 구하는 이유는 뭐예요?','ㅇㅇㅇㅇ','2020-07-22 17:33:52',NULL,'jq',2,0),(257,'inhwan','eclipse로 javascript 자동완성 기능을 쓰고 싶어요','ㅇㅇㅇㅇㅇㅇㅇㅇㅇㅇ','2020-07-22 17:35:46',NULL,'jq',3,0),(258,'inhwan','ajax 쓸 때 finally를 꼭 선언해줘야 하나요?','ㅇㅇㅇㅇㅇㅇ','2020-07-22 17:40:28',NULL,'jq',1,0),(259,'igonan','div에 대해 알고 싶습니다.','div 태그는 무엇이며 어떨때 쓰이는지 궁금합니다.','2020-07-22 17:40:36',NULL,'cq',2,0),(260,'inhwan','콜백함수 넘나 귀찮은데 걍 함수로 때우면 안 돼요?','ㅇㅇㅇㅇ','2020-07-22 17:42:40',NULL,'jq',1,0),(261,'kimtw','코드가 작동하지 않아요...','body{\r\n\r\nbackground-image: url(&prime;&prime;) no-repeat center center fixed\r\n\r\n-webkit-background-size: cover;\r\n\r\n-moz-background-size: cover;\r\n\r\n-o-background-size: cover;\r\n\r\nbackground-size: cover;\r\n\r\n}\r\n\r\n를 통해서 화면 전체를 덮는 배경이미지를 생성하고 싶은데 입력시 아무 변화도 없어요','2020-07-22 17:43:06',NULL,'cq',11,2),(262,'inhwan','return, return true, return false의 차이','ㅇㅇㅇㅇ','2020-07-22 17:44:55',NULL,'js',1,0),(263,'inhwan','form 태그 내 값을 submit하기','ㅇ','2020-07-22 17:46:15',NULL,'js',1,0),(264,'inhwan','readAsDataURL() 메소드','readAsDataURL 메소드는 컨텐츠를 특정 Blob 이나 File에서 읽어 오는 역할을 합니다. 읽어오는 read 행위가 종료되는 경우에, readyState 의 상태가 DONE이 되며,   loadend 이벤트가 트리거 됩니다. 이와 함께,  base64 인코딩 된 스트링 데이터가 result  속성(attribute)에 담아지게 됩니다.\r\n\r\n\r\n아래 주소에서 readAsDataURL 메소드를 활용한 예제를 확인할 수 있습니다.\r\n\r\nhttps://jsfiddle.net/eu81273/q7rjmpmj/\r\n\r\n','2020-07-22 17:50:15',NULL,'js',1,0),(265,'inhwan','event.preventDefault()는 무엇을 막는 것일까.js','이벤트를 취소할 수 있는 경우, 이벤트의 전파를 막지않고 그 이벤트를 취소합니다.\r\n\r\n\r\n아래 주소에서 예제를 확인할 수 있습니다.\r\n\r\nhttps://media.prod.mdn.mozit.cloud/samples/domref/dispatchEvent.html','2020-07-22 17:57:15',NULL,'js',1,0),(266,'inhwan','jquery selector의 종류',' ㅇㅇㅇㅇ','2020-07-23 09:22:48',NULL,'js',1,0),(267,'inhwan','$(document).ready(function(){});','ㅇㅇ','2020-07-23 09:25:38',NULL,'js',1,0),(268,'inhwan','자바스크립트의 switch문','자바의 switch와 거의 같음 ㅅㄱ','2020-07-23 09:29:49',NULL,'js',1,0),(269,'inhwan','배열 요소에 접근하는 방법','JavaScript 배열의 인덱스는 0부터 시작합니다. \r\n즉, 배열 첫 번째 요소의 인덱스는 0이고, 마지막 요소의 인덱스는 배열의 length 속성에서 1을 뺀 것과 같습니다.\r\n\r\n잘못된 인덱스를 사용하면 undefined를 반환합니다.\r\n\r\n예시\r\n========================================\r\nlet arr = [&prime;첫 번재 요소입니다&prime;, &prime;두 번째 요소입니다&prime;, &prime;마지막 요소입니다&prime;]\r\nconsole.log(arr[0])              // &prime;첫 번재 요소입니다&prime;를 기록\r\nconsole.log(arr[1])              // &prime;두 번재 요소입니다&prime;를 기록\r\nconsole.log(arr[arr.length - 1]) // &prime;마지막 요소입니다&prime;를 기록\r\n========================================\r\n\r\n하지만 아래의 예시처럼 배열 요소에 접근하려 하면, 속성 이름이 유효하지 않기 때문에 구문 오류가 발생합니다.\r\n\r\nconsole.log(arr.0) // 구문 오류\r\n\r\n이 점에는 JavaScript 배열과 속성에 특별한 점이 없습니다. \r\n숫자로 시작하는 JavaScript 속성은 마침표 구문으로 접근할 수 없으며, 반드시 괄호 표기법으로 접근해야 합니다.','2020-07-23 09:32:37',NULL,'js',1,0),(270,'inhwan','use strict를 선언하여 strict mode를 사용해야 하는 이유','한 줄로 요약하자면 &quot;개발자의 각종 실수를 줄이기 위한 엄격한 검사 모드&quot;라고 할 수 있겠습니다.\r\n\r\n아래 링크들을 참고해 주세요.\r\n\r\n\r\n\r\nhttps://ithub.tistory.com/162\r\n\r\nhttps://beomy.tistory.com/13\r\n\r\nhttps://blog.aliencube.org/ko/2014/01/02/reasons-behind-using-strict-mode-while-coding-javascript/','2020-07-23 09:39:41',NULL,'js',1,0),(271,'inhwan','자바스크립트의 조건문','문법은 자바의 조건문과 거의 유사합니다.\r\n\r\n전세계 개발 입문자의 성지 w3schools에서 그 내용을 확인해 보아요!\r\n\r\nhttps://www.w3schools.com/js/js_if_else.asp','2020-07-23 09:44:14',NULL,'js',1,0),(272,'inhwan','이벤트란 무엇인가','https://www.w3schools.com/js/js_events.asp\r\n\r\nhttps://cofs.tistory.com/190','2020-07-23 09:46:35',NULL,'js',1,0),(273,'inhwan','Math.random()이란?','https://developer.mozilla.org/ko/docs/Web/JavaScript/Reference/Global_Objects/Math/random\r\n\r\n위 사이트에 따르면...\r\n\r\n===============================================\r\nMath.random() 함수는 0 이상 1 미만의 구간에서 근사적으로 균일한(approximately uniform) 부동소숫점 의사난수를 반환하며, 이 값은 사용자가 원하는 범위로 변형할 수 있다. 난수 생성 알고리즘에 사용되는 초기값은 구현체가 선택하며, 사용자가 선택하거나 초기화할 수 없다.\r\n===============================================\r\n\r\n라는데 영어 번역투라 뭔 말인지 모르겠다고요?\r\n\r\n==0과 1사이의 소수점 숫자가 아무렇게나 나옴==\r\n\r\n정도로 아주 간단하게 요약할 수 있겠습니다.\r\n\r\n보다 자세한 건 위 사이트를 참고해 주세요.','2020-07-23 09:51:46',NULL,'js',3,0),(274,'inhwan','비교 / 논리 연산자 ','https://www.w3schools.com/js/js_comparisons.asp','2020-07-23 10:02:48',NULL,'js',2,0),(275,'inhwan','변수를 선언하는 방식인 var, let, const의 차이점','https://velog.io/@bathingape/JavaScript-var-let-const-%EC%B0%A8%EC%9D%B4%EC%A0%90','2020-07-23 10:07:37',NULL,'js',3,0),(276,'inhwan','자바스크립트의 최신 표준안 ECMAScript6','https://sanghaklee.tistory.com/54\r\n\r\nhttps://jsdev.kr/t/es6/2944\r\n\r\n위 주소들을 참고하시면 대략적인 내용을 파악하실 수 있습니다.','2020-07-23 10:11:36',NULL,'js',4,0),(277,'inhwan','VanillaJS(바닐라 자바스크립트)는 어떤 라이브러리인가?','결론부터 말하자면, 그런 거 없다!\r\n대체 이게 무슨 지나가는 댕댕이 풀 뜯어 먹는 소리냐고?\r\n\r\nvanilla라는 단어에는 여러분이 잘 아시는 바닐라(향 또는 맛) 뿐만 아니라\r\n&prime;평범한, 특별할 것 없는&prime;이라는 뜻도 있다.\r\n\r\n즉, VanillaJS는 특별한 라이브러리나 프레임워크가 아닌 순수한 자바스크립트를 말한다.\r\n\r\n가장 널리 알려진 jQuery 등의 온갖 라이브러리가 유행하고 지금도 널리 쓰이지만\r\n자바스크립트를 활용하기 위해서는 가장 기본적인 VanillaJS를 반드시 배워야 한다.\r\n\r\n\r\n콜롬비아 출신 개발자 노마드코더의 강의가 VanillaJS의 이해에 도움이 될 것이다.\r\n\r\nhttps://academy.nomadcoders.co/p/javascript-basics-for-absolute-beginners-kr','2020-07-23 10:26:46',NULL,'js',3,0),(278,'inhwan','XMLHttpRequest?','https://developer.mozilla.org/ko/docs/Web/API/XMLHttpRequest','2020-07-23 10:28:47',NULL,'js',1,0),(279,'inhwan','window 객체의 기초','http://tcpschool.com/javascript/js_bom_window','2020-07-23 10:31:10',NULL,'js',4,0),(280,'inhwan','자바스크립트로 애니메이션을 구현할 수 있다?!','응 가능ㅋ\r\n\r\nhttps://developers.google.com/web/fundamentals/design-and-ux/animations/css-vs-javascript?hl=ko','2020-07-23 10:35:05',NULL,'js',2,0),(281,'inhwan','자바스크립트로 서버를 구축한다고?!','오이오이 Node.js라는게 있다구~~~\r\n\r\nhttps://velopert.com/133\r\n\r\nhttps://poiemaweb.com/nodejs-basics','2020-07-23 10:40:25',NULL,'js',2,0),(282,'inhwan','인터넷을 쓰면서 지겹게 본 팝업박스','팝업박스에는 alert, confirm, prompt 세 가지가 있는데\r\n\r\n간단하게 경고창, 확인/취소, 내용 입력으로 이해하면 된다.\r\n\r\n아래 사이트에서 각자 찾아서 연습해 보자.\r\n\r\n\r\nhttps://www.w3schools.com/js/js_popup.asp\r\n\r\nhttps://www.w3schools.com/jsref/met_win_alert.asp','2020-07-23 10:44:58',NULL,'js',3,0),(283,'334','면접시 기술에 대해 설명할 때','CSS에 대해서도 면접 질문으로 보나요? \r\n\r\n질문을 하게 되면 주로 어떤 질문들이였는지 알 수 있을까요?\r\n','2020-07-23 15:18:53',NULL,'cq',1,0),(284,'igonan','CSS 적용에 대해 질문합니다.','프로퍼티(property)에 기본값(default value)으로 복귀 시키는 방법이 있나요??','2020-07-23 15:20:41',NULL,'cq',1,0),(285,'inan','작성하고 있는 코드에 대해 질문이 있습니다','css코드중 \r\n\r\nsection.about ul li a p.img img {width: 100%; height: auto; transition: all .8s;}있는데\r\n\r\n자손태그는 &quot;&gt;&quot; 없이도빈칸으로 가능하다고 알고 있습니다. 따라서\r\n\r\n혹시 section.about  img{width: 100%; height: auto; transition: all .8s;}&lt;-이렇게 바꿔서도 위와 같은기능을 할 수 있는건가요?   ','2020-07-23 15:23:18',NULL,'cq',1,0),(286,'dnanr','이 코드들말인데요','html,\r\nbody {\r\n        position: relative;\r\n        height: 100%;\r\n}\r\n\r\nbody {\r\n        background: #eee;\r\n        font-family: Helvetica Neue, Helvetica, Arial, sans-serif;\r\n        font-size: 14px;\r\n        color: #000;\r\n        margin: 0;\r\n        padding: 0;\r\n}\r\n\r\n차이점이 무엇인가요?','2020-07-23 15:28:57',NULL,'cq',1,0);
/*!40000 ALTER TABLE 'board'ENABLE KEYS */;
UNLOCK TABLES;

--
-- Table structure for table 'reply'
--

DROP TABLE IF EXISTS reply;
/*!40101 SET @saved_cs_client     = @@character_set_client */;
/*!50503 SET character_set_client = utf8mb4 */;
CREATE TABLE reply(
  reno int(11) NOT NULL AUTO_INCREMENT COMMENT '댓글 번호',
  bdno int(11) NOT NULL COMMENT '게시물 번호',
  id varchar(30) NOT NULL COMMENT '댓글 작성자 아이디',
  recont text NOT NULL COMMENT '댓글 내용',
  rewdate datetime NOT NULL DEFAULT CURRENT_TIMESTAMP COMMENT '댓글 작성일',
  PRIMARY KEY (reno),
  KEY bdno(bdno),
  CONSTRAINT reply_ibfk_1 FOREIGN KEY (bdno) REFERENCES board(bdno)
) ENGINE=InnoDB AUTO_INCREMENT=29 DEFAULT CHARSET=utf8mb4 COLLATE=utf8mb4_0900_ai_ci COMMENT='댓글 정보';
/*!40101 SET character_set_client = @saved_cs_client */;

--
-- Dumping data for table 'reply'
--

LOCK TABLES reply WRITE;
/*!40000 ALTER TABLE 'reply'DISABLE KEYS */;
INSERT INTO reply VALUES (1,57,'inhwan','reply test','2020-07-21 11:46:45'),
(3,73,'dlsdnr','reply test','2020-07-21 16:16:04'),
(5,73,'dlsdnr','reply testㅇㅇㅇㅇㅇㅇㅇㅇㅇㅇㅇㅇ','2020-07-21 16:16:54'),
(6,73,'dlsdnr','reply test','2020-07-21 16:17:12'),
(7,73,'dlsdnr','reply testㅇㅇㅇ','2020-07-21 16:21:30'),
(10,117,'jhjeong','\r\n\r\n다시 말해, 구조를 설계할 때 사용되는 언어로 hyper link 시스템을 가지고 있으며, 흔히 말하는 웹 페이지를 위한 마크업 언어라고 할 수\r\n\r\n\r\n있습니다.111','2020-07-21 17:38:18'),
(11,117,'jhjeong','reply test\r\n\r\n다시 말해, 구조를 설계할 때 사용되는 언어로 hyper link 시스템을 가지고 있으며, 흔히 말하는 웹 페이지를 위한 마크업 언어라고 할 수\r\n\r\n\r\n있습니다.111\r\n\r\n다시 말해, 구조를 설계할 때 사용되는 언어로 hyper link 시스템을 가지고 있으며, 흔히 말하는 웹 페이지를 위한 마크업 언어라고 할 수\r\n\r\n\r\n있습니다.111\r\n\r\n다시 말해, 구조를 설계할 때 사용되는 언어로 hyper link 시스템을 가지고 있으며, 흔히 말하는 웹 페이지를 위한 마크업 언어라고 할 수\r\n\r\n\r\n있습니다.111','2020-07-21 17:38:23'),
(12,117,'jhjeong','다. 이러한 CSS는 기술방식에 따라 ‘내부 CS','2020-07-21 17:38:28'),
(13,74,'jhjeong','reply test','2020-07-21 17:40:22'),
(14,122,'inhwan','특수문자 테스트','~!@#$%^&amp;*()_+-=[{]};:&prime;&quot;,&lt;.&gt;/?|','2020-07-22 12:14:47'),
(16,128,'inhwan','특수문자 테스트','~!@#$%^&amp;*()_+-=[{]};:&prime;&quot;,&lt;.&gt;/?|','2020-07-22 12:40:10'),
(17,129,'dlsdnr','이렇게 댓글도 등록 가능합니다.','2020-07-22 13:42:00'),
(18,129,'null','sdf','2020-07-22 14:45:26'),
(19,129,'null','엥 로그인 안하고 널로도 댓글이 써지네요.','2020-07-22 14:45:54'),
(20,129,'null','sdfsdf','2020-07-22 14:46:58'),
(21,134,'user3','html 태그안의 ID값을 이용하여 오브젝트에 접근할 수 있는 함수 입니다. \r\n','2020-07-22 15:19:29'),
(23,209,'inhwan','우왕ㅋ굳ㅋ','2020-07-22 17:01:39'),
(24,223,'dlsdnr','좀더 스피드를 내서 합시다.','2020-07-22 17:04:49'),
(25,261,'dlsdnr','혹시 fixed 뒤에 종결문자(;)를 찍으신건 맞나요..?..','2020-07-23 10:10:17'),
(26,261,'user4','해결하시면 저도 알려주세요!!!!! 저도 같은 문제로 고생중;ㅜㅜ','2020-07-23 10:12:43'),
(27,261,'inwook','다 지우고 한줄씩 해보세요!! 첫줄부터 하나씩!!','2020-07-23 10:14:06'),
(28,279,'inhwan','이쪽이 좀 더 유용한 것 같아요 https://kssong.tistory.com/29','2020-07-23 10:32:28');
/*!40000 ALTER TABLE 'reply'ENABLE KEYS */;
UNLOCK TABLES;

--
-- Table structure for table 'user'
--

DROP TABLE IF EXISTS user;
/*!40101 SET @saved_cs_client     = @@character_set_client */;
/*!50503 SET character_set_client = utf8mb4 */;
CREATE TABLE user(
  id varchar(30) NOT NULL COMMENT '아이디',
  pw varchar(50) NOT NULL COMMENT '비밀번호',
  jdate datetime NOT NULL DEFAULT CURRENT_TIMESTAMP COMMENT '가입일',
  photo varchar(255) NOT NULL DEFAULT 'profile.png',
  PRIMARY KEY (id)
) ENGINE=InnoDB DEFAULT CHARSET=utf8mb4 COLLATE=utf8mb4_0900_ai_ci COMMENT='사용자 정보';
/*!40101 SET character_set_client = @saved_cs_client */;

--
-- Dumping data for table 'user'
--

LOCK TABLES user WRITE;
/*!40000 ALTER TABLE 'user'DISABLE KEYS */;
INSERT INTO user VALUES ('22','11','2020-07-21 17:13:20',''),
('33','11','2020-07-21 17:15:20','type_d.png'),
('334','11','2020-07-21 17:15:43','type_a.png'),
('abcd','ef56','2020-07-21 17:16:50','type_g.png'),
('bulssazo','11','2020-07-21 09:55:16','profile.png'),
('dlsdnr','123','2020-07-13 17:10:29','type_e.png'),
('dnanr','11','2020-07-20 16:48:04','profile.png'),
('igonan','10','2020-07-22 17:25:26','type_a.png'),
('inan','1','2020-07-17 16:23:46','profile.png'),
('inhwan','22','2020-07-17 14:06:35','type_d.png'),
('inwook','123','2020-07-23 10:01:14','type_a.png'),
('jhjeong','22','2020-07-17 15:57:33','type_d.png'),
('jhjeongx','11','2020-07-21 17:16:10','type_d.png'),
('jhjeongxx','null','2020-07-17 16:46:41','profile.png'),
('jhjeongxxx','11','2020-07-17 16:47:19','profile.png'),
('kimtw','2408','2020-07-22 14:12:58','type_d.png'),
('null','null','2020-07-17 15:54:01','profile.png'),
('user','11','2020-07-08 15:22:25','profile.png'),
('user2','22','2020-07-08 15:23:50','profile.png'),
('user4','111','2020-07-09 15:14:50','penguins.jpg');
/*!40000 ALTER TABLE 'user'ENABLE KEYS */;
UNLOCK TABLES;

--
-- Dumping events for database 'wt'
--

--
-- Dumping routines for database 'wt'
--
/*!40103 SET TIME_ZONE=@OLD_TIME_ZONE */;

/*!40101 SET SQL_MODE=@OLD_SQL_MODE */;
/*!40014 SET FOREIGN_KEY_CHECKS=@OLD_FOREIGN_KEY_CHECKS */;
/*!40014 SET UNIQUE_CHECKS=@OLD_UNIQUE_CHECKS */;
/*!40101 SET CHARACTER_SET_CLIENT=@OLD_CHARACTER_SET_CLIENT */;
/*!40101 SET CHARACTER_SET_RESULTS=@OLD_CHARACTER_SET_RESULTS */;
/*!40101 SET COLLATION_CONNECTION=@OLD_COLLATION_CONNECTION */;
/*!40111 SET SQL_NOTES=@OLD_SQL_NOTES */;

-- Dump completed on 2020-07-23 15:59:38
